<?xml version='1.0' encoding='utf-8'?>
<Deployment AppPlatformVersion="8.0" xmlns="http://schemas.microsoft.com/windowsphone/2012/deployment">
    <DefaultLanguage code="en-US" xmlns="" />
    <Languages xmlns="">
        <Language code="en-US" />
    </Languages>
    <App Author="Skyclub author" BitsPerPixel="32" Description="Apache Cordova for Windows Phone" Genre="apps.normal" ProductID="{7F9DD47F-E0B8-4B66-A1E6-B421ACE61ED0}" Publisher="Skyclub" PublisherID="{db093ed5-53b1-45f7-af72-751e8f36ab80}" RuntimeType="Silverlight" Title="Skyclub" Version="1.0.0.0" xmlns="">
        <IconPath IsRelative="true" IsResource="false">ApplicationIcon.png</IconPath>
        <Capabilities>
            <Capability Name="ID_CAP_WEBBROWSERCOMPONENT" />
            <Capability Name="ID_CAP_NETWORKING" />
        </Capabilities>
        <Tasks>
            <DefaultTask Name="_default" NavigationPage="MainPage.xaml" />
        </Tasks>
        <Tokens>
            <PrimaryToken TaskName="_default" TokenID="SkyclubToken">
                <TemplateFlip>
                    <SmallImageURI IsRelative="true" IsResource="false">Background.png</SmallImageURI>
                    <Count>0</Count>
                    <BackgroundImageURI IsRelative="true" IsResource="false">Background.png</BackgroundImageURI>
                    <Title>Skyclub</Title>
                    <BackContent />
                    <BackBackgroundImageURI />
                    <BackTitle />
                    <LargeBackgroundImageURI />
                    <LargeBackContent />
                    <LargeBackBackgroundImageURI />
                    <DeviceLockImageURI />
                    <HasLarge>false</HasLarge>
                </TemplateFlip>
            </PrimaryToken>
        </Tokens>
        <ScreenResolutions>
            <ScreenResolution Name="ID_RESOLUTION_WVGA" />
            <ScreenResolution Name="ID_RESOLUTION_WXGA" />
            <ScreenResolution Name="ID_RESOLUTION_HD720P" />
        </ScreenResolutions>
    </App>
</Deployment>
